carrier_name,carrier_class,ym,flights,delayed,avg_delay,cancelled_n
Alaska Airlines,Legacy,2025-04,18945,0.18867325894981757,10.4167415789752,18945
Alaska Airlines,Legacy,2025-05,21630,0.25175925925925924,14.12837962962963,21630
Alaska Airlines,Legacy,2025-06,22402,0.3030018342056995,16.7293428175189,22402
Alaska Airlines,Legacy,2025-07,23107,0.3064053537284895,18.008908395619677,23107
Alaska Airlines,Legacy,2025-08,22729,0.27179374173644777,14.821463199647422,22729
Alaska Airlines,Legacy,2025-09,20615,0.16380609714591335,9.051976467156123,20615
Alaska Airlines,Legacy,2025-10,20212,0.1991367763059979,12.318747829538125,20212
Alaska Airlines,Legacy,2025-11,19494,0.18808567603748327,10.492173823499124,19494
Alaska Airlines,Legacy,2025-12,20795,0.28035757429330754,16.24923894660546,20795
Alaska Airlines,Legacy,2026-01,25903,0.21043451296561883,12.915926973913718,25903
Alaska Airlines,Legacy,2026-02,23729,0.1713404848382465,9.593420052369288,23729
Alaska Airlines,Legacy,2026-03,27274,0.2187039764359352,13.96881443298969,27274
Allegiant Air,Ultra-low-cost,2025-04,10916,0.20846337433449605,16.716724802643657,10916
Allegiant Air,Ultra-low-cost,2025-05,11062,0.2384963768115942,21.219927536231886,11062
Allegiant Air,Ultra-low-cost,2025-06,13726,0.3058642878034513,26.47835624451594,13726
Allegiant Air,Ultra-low-cost,2025-07,13916,0.30104655359076143,28.564922410682065,13916
Allegiant Air,Ultra-low-cost,2025-08,10492,0.24022559984705094,24.937864448905458,10492
Allegiant Air,Ultra-low-cost,2025-09,6924,0.17023430720277696,14.061035579982644,6924
Allegiant Air,Ultra-low-cost,2025-10,10465,0.22111515616018396,17.84604330331481,10465
Allegiant Air,Ultra-low-cost,2025-11,9574,0.23018867924528302,18.984905660377358,9574
Allegiant Air,Ultra-low-cost,2025-12,11424,0.3097959901512487,26.24094266619768,11424
Allegiant Air,Ultra-low-cost,2026-01,8745,0.24047728315741165,21.74047728315741,8745
Allegiant Air,Ultra-low-cost,2026-02,9025,0.22011111111111112,20.03077777777778,9025
Allegiant Air,Ultra-low-cost,2026-03,12323,0.27695818730132854,27.634852066183065,12323
American Airlines,Legacy,2025-04,81083,0.24445626229021605,19.954203099298763,81083
American Airlines,Legacy,2025-05,84814,0.26507763681121,22.315210187464494,84814
American Airlines,Legacy,2025-06,83323,0.3279346372148512,30.097694708554766,83323
American Airlines,Legacy,2025-07,84893,0.3498068216833772,34.02652350138662,84893
American Airlines,Legacy,2025-08,81421,0.3053816808029927,27.859254046446164,81421
American Airlines,Legacy,2025-09,76373,0.20942697249152675,18.58760936391582,76373
American Airlines,Legacy,2025-10,84927,0.23218499292118924,19.205073147711186,84927
American Airlines,Legacy,2025-11,77156,0.23466233766233766,19.766675324675326,77156
American Airlines,Legacy,2025-12,79466,0.26390972703776083,21.59214524364874,79466
American Airlines,Legacy,2026-01,69918,0.2397046171494121,23.57781760825925,69918
American Airlines,Legacy,2026-02,71225,0.2113054613511954,17.318829770766783,71225
American Airlines,Legacy,2026-03,82921,0.2532162325863113,23.10167171411266,82921
Delta Air Lines,Legacy,2025-04,83758,0.1777046433700335,13.080923887027286,83758
Delta Air Lines,Legacy,2025-05,89736,0.22011355507868383,16.49956410944206,89736
Delta Air Lines,Legacy,2025-06,89551,0.26170153104144467,21.242476585721498,89551
Delta Air Lines,Legacy,2025-07,92746,0.24844707030191338,20.50386470811426,92746
Delta Air Lines,Legacy,2025-08,89626,0.17026040617093213,13.00331385325004,89626
Delta Air Lines,Legacy,2025-09,84790,0.123844972232069,9.120300129977549,84790
Delta Air Lines,Legacy,2025-10,89768,0.15974779600491015,11.575482647026002,89768
Delta Air Lines,Legacy,2025-11,83036,0.17587363645139492,13.851457669659233,83036
Delta Air Lines,Legacy,2025-12,82798,0.2552712483962333,20.258321431165122,82798
Delta Air Lines,Legacy,2026-01,76077,0.19752696243037174,14.62962377697889,76077
Delta Air Lines,Legacy,2026-02,72649,0.16724805934341694,11.865167454878872,72649
Delta Air Lines,Legacy,2026-03,83798,0.20102012715669487,15.963613070079862,83798
Frontier Airlines,Ultra-low-cost,2025-04,17241,0.26491605182129785,22.837680822634056,17241
Frontier Airlines,Ultra-low-cost,2025-05,15869,0.30569588279868654,28.252336448598133,15869
Frontier Airlines,Ultra-low-cost,2025-06,15563,0.3848086586780054,34.32753511145471,15563
Frontier Airlines,Ultra-low-cost,2025-07,15940,0.360032718807022,33.909456993645,15940
Frontier Airlines,Ultra-low-cost,2025-08,16428,0.29452305440351306,24.68236155159795,16428
Frontier Airlines,Ultra-low-cost,2025-09,14845,0.203778677462888,16.81369770580297,14845
Frontier Airlines,Ultra-low-cost,2025-10,16856,0.22265114621689036,19.550956170566575,16856
Frontier Airlines,Ultra-low-cost,2025-11,16707,0.24102809897549576,21.69881972320412,16707
Frontier Airlines,Ultra-low-cost,2025-12,16260,0.3138438789969811,28.072453946152425,16260
Frontier Airlines,Ultra-low-cost,2026-01,14835,0.27974623742997906,23.945670513599243,14835
Frontier Airlines,Ultra-low-cost,2026-02,14842,0.21576959395656278,18.030891676784027,14842
Frontier Airlines,Ultra-low-cost,2026-03,19475,0.29771463866584313,27.284228947910233,19475
Hawaiian Airlines,Legacy,2025-04,6498,0.17782909930715934,9.214780600461895,6498
Hawaiian Airlines,Legacy,2025-05,6962,0.12517964932451853,7.775653923541247,6962
Hawaiian Airlines,Legacy,2025-06,6826,0.17915261691834042,11.102624248643894,6826
Hawaiian Airlines,Legacy,2025-07,7015,0.20427960057061342,12.432382310984309,7015
Hawaiian Airlines,Legacy,2025-08,6929,0.14326978625072212,8.810947429231659,6929
Hawaiian Airlines,Legacy,2025-09,6417,0.11587648159700562,7.51715533374922,6417
Hawaiian Airlines,Legacy,2025-10,6571,0.18332825358122523,12.86558975921975,6571
Hawaiian Airlines,Legacy,2025-11,6301,0.18430251032729583,11.043056879567843,6301
Hawaiian Airlines,Legacy,2025-12,6659,0.27997592899052204,18.443357905822175,6659
JetBlue Airways,Low-cost,2025-04,19960,0.17600964436407474,11.730108499095842,19960
JetBlue Airways,Low-cost,2025-05,19567,0.25820872514259285,19.70284158059709,19567
JetBlue Airways,Low-cost,2025-06,18832,0.2829151094500801,23.234329951948745,18832
JetBlue Airways,Low-cost,2025-07,19647,0.3372283722837228,32.60639606396064,19647
JetBlue Airways,Low-cost,2025-08,20073,0.24738396835728232,20.40604816502278,20073
JetBlue Airways,Low-cost,2025-09,16121,0.20815971142483986,15.233783195472355,16121
JetBlue Airways,Low-cost,2025-10,18208,0.2544642857142857,19.05213844797178,18208
JetBlue Airways,Low-cost,2025-11,19231,0.2491004849559368,20.363143348803256,19231
JetBlue Airways,Low-cost,2025-12,19988,0.3614578633378453,28.692535218328572,19988
JetBlue Airways,Low-cost,2026-01,16908,0.31638518518518516,24.975703703703704,16908
JetBlue Airways,Low-cost,2026-02,16494,0.3229628729416054,24.71246278179498,16494
JetBlue Airways,Low-cost,2026-03,20908,0.29997599039615847,23.394189675870347,20908
Southwest Airlines,Low-cost,2025-04,117037,0.18977233824032866,11.862350222526532,117037
Southwest Airlines,Low-cost,2025-05,119193,0.23094781467649136,14.861352242522122,119193
Southwest Airlines,Low-cost,2025-06,121592,0.2815719096671949,18.247375198098258,121592
Southwest Airlines,Low-cost,2025-07,124072,0.2892565997717098,20.295660058124945,124072
Southwest Airlines,Low-cost,2025-08,114084,0.2143755662875289,13.031606541225733,114084
Southwest Airlines,Low-cost,2025-09,110096,0.1704902219512417,9.805913239723722,110096
Southwest Airlines,Low-cost,2025-10,121280,0.2262742377696297,12.511049450004954,121280
Southwest Airlines,Low-cost,2025-11,111968,0.2015525367341281,12.48898646896268,111968
Southwest Airlines,Low-cost,2025-12,117421,0.2460904507179238,14.28990811599396,117421
Southwest Airlines,Low-cost,2026-01,101272,0.15238330696202532,8.230933544303797,101272
Southwest Airlines,Low-cost,2026-02,99765,0.18266082869710176,9.967603285866357,99765
Southwest Airlines,Low-cost,2026-03,120387,0.25638207523604933,15.800785998567884,120387
Spirit Airlines,Ultra-low-cost,2025-04,18222,0.1701016762846936,13.375872492442978,18222
Spirit Airlines,Ultra-low-cost,2025-05,17524,0.24969967393169726,20.431554258909674,17524
Spirit Airlines,Ultra-low-cost,2025-06,17381,0.24952391944139882,19.415603900975245,17381
Spirit Airlines,Ultra-low-cost,2025-07,16978,0.2489364216497282,20.411132120066178,16978
Spirit Airlines,Ultra-low-cost,2025-08,17062,0.22436613918465792,17.445085005000294,17062
Spirit Airlines,Ultra-low-cost,2025-09,14928,0.1584251545283526,13.192421392098899,14928
Spirit Airlines,Ultra-low-cost,2025-10,13972,0.1953718297750394,14.383364378850839,13972
Spirit Airlines,Ultra-low-cost,2025-11,11523,0.2141057934508816,17.399548336662903,11523
Spirit Airlines,Ultra-low-cost,2025-12,11360,0.3368300423131171,27.191114245416077,11360
Spirit Airlines,Ultra-low-cost,2026-01,11058,0.2812528288223047,19.910201864759664,11058
Spirit Airlines,Ultra-low-cost,2026-02,10591,0.31675961811135267,23.964930522733717,10591
Spirit Airlines,Ultra-low-cost,2026-03,11607,0.4581425485961123,37.921987041036715,11607
United Airlines,Legacy,2025-04,63977,0.18238530384488785,14.426464364645215,63977
United Airlines,Legacy,2025-05,67204,0.2444152627102204,19.91394207094146,67204
United Airlines,Legacy,2025-06,65888,0.2642205752279867,21.45016317442889,65888
United Airlines,Legacy,2025-07,68570,0.3039191194839165,27.58955783162628,68570
United Airlines,Legacy,2025-08,68157,0.2352213301907638,18.337511968770716,68157
United Airlines,Legacy,2025-09,67374,0.1698323689964451,11.628489833558923,67374
United Airlines,Legacy,2025-10,71224,0.1960434183515649,12.350594752678496,71224
United Airlines,Legacy,2025-11,65698,0.20685818791434885,17.074860931189516,65698
United Airlines,Legacy,2025-12,65605,0.2275373168533146,16.789589476418193,65605
United Airlines,Legacy,2026-01,62266,0.1795869788986104,12.94266276376737,62266
United Airlines,Legacy,2026-02,58844,0.15796731358529112,11.112240381341506,58844
United Airlines,Legacy,2026-03,69701,0.20867786453081333,18.228226108502117,69701
