route,carrier_name,window,flights,exp_delay,delayed
ATL-LGA,Delta Air Lines,morning,1894,7.172048703017469,0.12811011116993118
ATL-LGA,Delta Air Lines,afternoon,1344,21.92059925093633,0.2973782771535581
ATL-LGA,Delta Air Lines,evening,1559,29.189032258064515,0.38
ATL-LGA,Frontier Airlines,morning,219,21.735159817351597,0.2557077625570776
ATL-LGA,Frontier Airlines,evening,353,67.62571428571428,0.58
ATL-LGA,Republic Airways,morning,486,13.981481481481481,0.16255144032921812
ATL-LGA,Republic Airways,afternoon,373,25.723860589812332,0.29222520107238603
ATL-LGA,Southwest Airlines,morning,482,7.050104384133611,0.12317327766179541
ATL-LGA,Southwest Airlines,afternoon,435,24.78787878787879,0.3706293706293706
ATL-LGA,Southwest Airlines,evening,338,42.04451038575667,0.5014836795252225
ATL-MCO,Delta Air Lines,morning,1761,11.371590909090909,0.1846590909090909
ATL-MCO,Delta Air Lines,afternoon,1465,24.54852030282175,0.35650378527185134
ATL-MCO,Delta Air Lines,evening,2105,30.369856459330144,0.42822966507177035
ATL-MCO,Frontier Airlines,morning,426,30.92488262910798,0.23708920187793428
ATL-MCO,Frontier Airlines,afternoon,258,46.18287937743191,0.4046692607003891
ATL-MCO,Frontier Airlines,evening,397,54.21518987341772,0.49873417721518987
ATL-MCO,Southwest Airlines,morning,500,7.3346693386773545,0.13827655310621242
ATL-MCO,Southwest Airlines,afternoon,252,15.964285714285714,0.23015873015873015
ATL-MCO,Southwest Airlines,evening,332,33.34848484848485,0.4575757575757576
ATL-MCO,Spirit Airlines,morning,309,24.071197411003237,0.2297734627831715
BOS-DCA,American Airlines,morning,1322,16.579984836997724,0.14329037149355572
BOS-DCA,American Airlines,afternoon,217,33.225806451612904,0.391705069124424
BOS-DCA,American Airlines,evening,589,39.80204778156997,0.43686006825938567
BOS-DCA,JetBlue Airways,morning,1238,10.329554655870446,0.14817813765182186
BOS-DCA,JetBlue Airways,afternoon,876,29.66398158803222,0.3947065592635213
BOS-DCA,JetBlue Airways,evening,447,41.52584269662921,0.5235955056179775
BOS-DCA,Republic Airways,morning,1547,7.566709844559585,0.12629533678756477
BOS-DCA,Republic Airways,afternoon,1252,18.487179487179485,0.2980769230769231
BOS-DCA,Republic Airways,evening,1108,29.630099728014507,0.4125113327289211
DCA-BOS,American Airlines,morning,786,17.805095541401275,0.1910828025477707
DCA-BOS,American Airlines,afternoon,496,32.703629032258064,0.38306451612903225
DCA-BOS,American Airlines,evening,852,37.03521126760563,0.4612676056338028
DCA-BOS,JetBlue Airways,morning,924,12.123376623376624,0.1590909090909091
DCA-BOS,JetBlue Airways,afternoon,827,37.49334945586457,0.4437726723095526
DCA-BOS,JetBlue Airways,evening,807,45.1449814126394,0.4448574969021066
DCA-BOS,Republic Airways,morning,1750,7.717552887364208,0.10806174957118353
DCA-BOS,Republic Airways,afternoon,1261,23.554761904761904,0.3055555555555556
DCA-BOS,Republic Airways,evening,891,24.389450056116722,0.345679012345679
DEN-LAX,Delta Air Lines,morning,276,12.210144927536232,0.10144927536231885
DEN-LAX,Delta Air Lines,afternoon,241,10.365145228215768,0.11618257261410789
DEN-LAX,Delta Air Lines,evening,230,37.85217391304348,0.40869565217391307
DEN-LAX,Frontier Airlines,morning,268,11.75,0.11194029850746269
DEN-LAX,Frontier Airlines,evening,386,23.085492227979273,0.32124352331606215
DEN-LAX,SkyWest Airlines,morning,374,11.042780748663102,0.12032085561497326
DEN-LAX,SkyWest Airlines,afternoon,389,8.233933161953727,0.13624678663239073
DEN-LAX,SkyWest Airlines,evening,476,31.814736842105262,0.32421052631578945
DEN-LAX,Southwest Airlines,morning,726,5.862068965517241,0.1406896551724138
DEN-LAX,Southwest Airlines,afternoon,479,14.44142259414226,0.2928870292887029
DEN-LAX,Southwest Airlines,evening,722,28.8876560332871,0.4618585298196949
DEN-LAX,United Airlines,morning,1280,4.863956215793589,0.08522283033620015
DEN-LAX,United Airlines,afternoon,729,10.419753086419753,0.1550068587105624
DEN-LAX,United Airlines,evening,1068,19.94194756554307,0.26685393258426965
DEN-PHX,American Airlines,morning,483,27.60248447204969,0.2194616977225673
DEN-PHX,American Airlines,afternoon,398,20.201511335012594,0.1964735516372796
DEN-PHX,Frontier Airlines,morning,506,12.430830039525691,0.16205533596837945
DEN-PHX,Frontier Airlines,afternoon,238,16.189075630252102,0.2184873949579832
DEN-PHX,Frontier Airlines,evening,645,24.544323483670297,0.3359253499222395
DEN-PHX,Southwest Airlines,morning,1494,6.594902749832327,0.1374916163648558
DEN-PHX,Southwest Airlines,afternoon,1210,18.970223325062033,0.3093465674110835
DEN-PHX,Southwest Airlines,evening,1134,33.75618374558304,0.48674911660777387
DEN-PHX,United Airlines,morning,917,8.700546448087431,0.15737704918032788
DEN-PHX,United Airlines,afternoon,628,12.756369426751592,0.1942675159235669
DEN-PHX,United Airlines,evening,839,23.954653937947494,0.3054892601431981
DEN-SLC,Delta Air Lines,morning,687,17.05393586005831,0.11370262390670553
DEN-SLC,Delta Air Lines,afternoon,629,13.318471337579618,0.1926751592356688
DEN-SLC,Delta Air Lines,evening,365,26.634615384615383,0.3434065934065934
DEN-SLC,Frontier Airlines,morning,530,9.837735849056603,0.13962264150943396
DEN-SLC,Frontier Airlines,evening,383,27.62924281984334,0.3263707571801567
DEN-SLC,SkyWest Airlines,afternoon,398,11.35427135678392,0.1884422110552764
DEN-SLC,SkyWest Airlines,evening,793,20.106060606060606,0.2638888888888889
DEN-SLC,Southwest Airlines,morning,814,6.260762607626076,0.13653136531365315
DEN-SLC,Southwest Airlines,afternoon,731,12.716438356164383,0.2465753424657534
DEN-SLC,Southwest Airlines,evening,824,30.434306569343065,0.451338199513382
DEN-SLC,United Airlines,morning,659,9.088145896656535,0.1656534954407295
DEN-SLC,United Airlines,afternoon,328,17.067073170731707,0.2530487804878049
DEN-SLC,United Airlines,evening,333,26.3003003003003,0.37237237237237236
HNL-LIH,Alaska Airlines,morning,632,7.648177496038035,0.12995245641838352
HNL-LIH,Alaska Airlines,afternoon,450,18.31111111111111,0.37555555555555553
HNL-LIH,Alaska Airlines,evening,349,13.512893982808023,0.2521489971346705
HNL-LIH,Hawaiian Airlines,morning,1888,4.40552016985138,0.0737791932059448
HNL-LIH,Hawaiian Airlines,afternoon,1396,9.083094555873926,0.1840974212034384
HNL-LIH,Hawaiian Airlines,evening,1314,6.162861491628615,0.1111111111111111
HNL-LIH,Southwest Airlines,morning,675,3.9851851851851854,0.05037037037037037
HNL-LIH,Southwest Airlines,afternoon,372,7.706989247311828,0.13172043010752688
HNL-LIH,Southwest Airlines,evening,722,4.8988919667590025,0.08033240997229917
HNL-OGG,Alaska Airlines,morning,613,6.246329526916803,0.11745513866231648
HNL-OGG,Alaska Airlines,afternoon,797,17.7937106918239,0.3660377358490566
HNL-OGG,Alaska Airlines,evening,374,14.833333333333334,0.26344086021505375
HNL-OGG,Hawaiian Airlines,morning,2092,3.950286806883365,0.06644359464627152
HNL-OGG,Hawaiian Airlines,afternoon,2346,8.296375266524521,0.1812366737739872
HNL-OGG,Hawaiian Airlines,evening,1210,6.74297520661157,0.12231404958677686
HNL-OGG,Southwest Airlines,morning,1039,2.0914340712223294,0.03176130895091434
HNL-OGG,Southwest Airlines,afternoon,1090,4.563820018365473,0.08539944903581267
HNL-OGG,Southwest Airlines,evening,733,4.467213114754099,0.07377049180327869
JFK-LAX,American Airlines,morning,1399,12.039370078740157,0.12598425196850394
JFK-LAX,American Airlines,afternoon,717,18.199442119944212,0.20641562064156208
JFK-LAX,American Airlines,evening,1070,30.42843779232928,0.29747427502338636
JFK-LAX,Delta Air Lines,morning,1423,12.725035161744023,0.18354430379746836
JFK-LAX,Delta Air Lines,afternoon,997,19.58492462311558,0.23417085427135678
JFK-LAX,Delta Air Lines,evening,875,23.93821510297483,0.2780320366132723
JFK-LAX,Frontier Airlines,morning,261,19.74131274131274,0.27413127413127414
JFK-LAX,JetBlue Airways,morning,1590,9.742443324937028,0.1561712846347607
JFK-LAX,JetBlue Airways,afternoon,722,16.32825484764543,0.19390581717451524
JFK-LAX,JetBlue Airways,evening,1099,25.729014598540147,0.3293795620437956
LAS-LAX,American Airlines,morning,575,21.215652173913043,0.1808695652173913
LAS-LAX,American Airlines,afternoon,232,32.0301724137931,0.3017241379310345
LAS-LAX,American Airlines,evening,355,23.504225352112677,0.27605633802816903
LAS-LAX,Delta Air Lines,morning,731,6.454172366621067,0.08755129958960328
LAS-LAX,Delta Air Lines,afternoon,369,14.08130081300813,0.19241192411924118
LAS-LAX,Delta Air Lines,evening,626,19.661341853035143,0.2539936102236422
LAS-LAX,Frontier Airlines,morning,213,9.211267605633802,0.20657276995305165
LAS-LAX,Frontier Airlines,evening,267,13.636704119850187,0.2247191011235955
LAS-LAX,Southwest Airlines,morning,878,6.969248291571754,0.1548974943052392
LAS-LAX,Southwest Airlines,afternoon,657,18.164383561643834,0.319634703196347
LAS-LAX,Southwest Airlines,evening,852,22.71361502347418,0.4284037558685446
LAS-LAX,Spirit Airlines,morning,331,5.256797583081571,0.09063444108761329
LAS-LAX,Spirit Airlines,afternoon,253,6.897233201581027,0.09486166007905138
LAS-LAX,Spirit Airlines,evening,299,9.906354515050166,0.1705685618729097
LAS-LAX,United Airlines,morning,827,4.79081015719468,0.0773881499395405
LAS-LAX,United Airlines,afternoon,330,9.94848484848485,0.15454545454545454
LAS-LAX,United Airlines,evening,345,16.81159420289855,0.263768115942029
LAX-DEN,Delta Air Lines,morning,242,8.87603305785124,0.11570247933884298
LAX-DEN,Delta Air Lines,afternoon,233,26.317391304347826,0.36086956521739133
LAX-DEN,Delta Air Lines,evening,271,14.522222222222222,0.2
LAX-DEN,Frontier Airlines,morning,455,12.262114537444933,0.12334801762114538
LAX-DEN,SkyWest Airlines,morning,462,6.863636363636363,0.12987012987012986
LAX-DEN,SkyWest Airlines,afternoon,561,22.06654676258993,0.3057553956834532
LAX-DEN,SkyWest Airlines,evening,217,14.566820276497696,0.1935483870967742
LAX-DEN,Southwest Airlines,morning,937,7.46096256684492,0.11978609625668449
LAX-DEN,Southwest Airlines,afternoon,684,26.336270190895743,0.37298091042584436
LAX-DEN,Southwest Airlines,evening,309,19.02588996763754,0.36245954692556637
LAX-DEN,United Airlines,morning,1434,6.865921787709497,0.09706703910614525
LAX-DEN,United Airlines,afternoon,1116,17.97289972899729,0.24661246612466126
LAX-DEN,United Airlines,evening,527,8.825426944971538,0.1366223908918406
LAX-JFK,American Airlines,morning,1719,32.59706744868035,0.22756598240469209
LAX-JFK,American Airlines,afternoon,759,25.40318302387268,0.3116710875331565
LAX-JFK,American Airlines,evening,670,16.508955223880598,0.17164179104477612
LAX-JFK,Delta Air Lines,morning,1730,20.28870779976717,0.20779976717112922
LAX-JFK,Delta Air Lines,afternoon,699,23.639367816091955,0.2514367816091954
LAX-JFK,Delta Air Lines,evening,866,11.341040462427745,0.15606936416184972
LAX-JFK,Frontier Airlines,evening,262,19.93076923076923,0.2653846153846154
LAX-JFK,JetBlue Airways,morning,1199,12.284272497897392,0.17493692178301093
LAX-JFK,JetBlue Airways,afternoon,1259,24.26926131850675,0.2891183478951549
LAX-JFK,JetBlue Airways,evening,938,14.632196162046908,0.19829424307036247
LAX-LAS,American Airlines,morning,384,24.002604166666668,0.2552083333333333
LAX-LAS,American Airlines,afternoon,256,41.43359375,0.35546875
LAX-LAS,American Airlines,evening,526,31.53802281368821,0.34600760456273766
LAX-LAS,Delta Air Lines,morning,705,7.163120567375887,0.10780141843971631
LAX-LAS,Delta Air Lines,afternoon,393,22.61832061068702,0.3486005089058524
LAX-LAS,Delta Air Lines,evening,628,15.73407643312102,0.25477707006369427
LAX-LAS,Frontier Airlines,afternoon,352,26.951704545454547,0.32386363636363635
LAX-LAS,Southwest Airlines,morning,1017,5.91937069813176,0.09636184857423795
LAX-LAS,Southwest Airlines,afternoon,573,21.705061082024432,0.3699825479930192
LAX-LAS,Southwest Airlines,evening,776,20.75257731958763,0.36726804123711343
LAX-LAS,Spirit Airlines,morning,434,6.580645161290323,0.08755760368663594
LAX-LAS,Spirit Airlines,evening,288,15.635416666666666,0.22916666666666666
LAX-LAS,United Airlines,morning,460,6.947826086956522,0.11304347826086956
LAX-LAS,United Airlines,afternoon,387,14.669250645994833,0.2248062015503876
LAX-LAS,United Airlines,evening,657,9.838660578386605,0.1628614916286149
LAX-SFO,American Airlines,evening,404,25.88089330024814,0.369727047146402
LAX-SFO,Delta Air Lines,morning,1035,12.735265700483092,0.23671497584541062
LAX-SFO,Delta Air Lines,afternoon,707,18.763790664780764,0.28005657708628007
LAX-SFO,Delta Air Lines,evening,606,14.818481848184819,0.2854785478547855
LAX-SFO,Frontier Airlines,evening,255,35.83529411764706,0.42745098039215684
LAX-SFO,SkyWest Airlines,morning,1129,12.020408163265307,0.18456078083407276
LAX-SFO,SkyWest Airlines,afternoon,603,12.553897180762853,0.18076285240464346
LAX-SFO,SkyWest Airlines,evening,963,15.174817898022892,0.25806451612903225
LAX-SFO,Southwest Airlines,morning,635,11.266141732283465,0.2015748031496063
LAX-SFO,Southwest Airlines,afternoon,258,17.209302325581394,0.3062015503875969
LAX-SFO,Southwest Airlines,evening,444,31.98873873873874,0.481981981981982
LAX-SFO,United Airlines,morning,1055,12.906161137440758,0.24265402843601896
LAX-SFO,United Airlines,afternoon,901,13.49056603773585,0.19089900110987792
LAX-SFO,United Airlines,evening,1283,18.37879968823071,0.2930631332813718
LGA-ATL,Delta Air Lines,morning,2120,8.693434104865375,0.12848370335380255
LGA-ATL,Delta Air Lines,afternoon,1500,19.179692718770877,0.2511690046760187
LGA-ATL,Delta Air Lines,evening,1171,30.63175965665236,0.3261802575107296
LGA-ATL,Frontier Airlines,morning,474,36.15498938428875,0.3524416135881104
LGA-ATL,Republic Airways,morning,518,12.25,0.19767441860465115
LGA-ATL,Republic Airways,afternoon,351,16.402857142857144,0.24285714285714285
LGA-ATL,Southwest Airlines,morning,401,14.210526315789474,0.12531328320802004
LGA-ATL,Southwest Airlines,afternoon,496,27.87878787878788,0.3414141414141414
LGA-ATL,Southwest Airlines,evening,353,26.107648725212464,0.35694050991501414
LGA-ORD,American Airlines,morning,1181,20.910941475826974,0.1594571670907549
LGA-ORD,American Airlines,afternoon,981,36.607361963190186,0.37423312883435583
LGA-ORD,American Airlines,evening,634,54.253565768621236,0.5816164817749604
LGA-ORD,Delta Air Lines,morning,911,15.468646864686468,0.18921892189218922
LGA-ORD,Delta Air Lines,afternoon,516,37.09055118110236,0.3779527559055118
LGA-ORD,Delta Air Lines,evening,708,48.76203966005666,0.4603399433427762
LGA-ORD,Republic Airways,morning,517,14.61747572815534,0.2621359223300971
LGA-ORD,Republic Airways,afternoon,283,19.180212014134277,0.303886925795053
LGA-ORD,Republic Airways,evening,421,26.516746411483254,0.35167464114832536
LGA-ORD,United Airlines,morning,1855,13.377633711507293,0.157752566180443
LGA-ORD,United Airlines,afternoon,1231,33.11400651465798,0.3794788273615635
LGA-ORD,United Airlines,evening,1405,43.69521770164168,0.476802284082798
LIH-HNL,Alaska Airlines,morning,565,8.630550621669627,0.15985790408525755
LIH-HNL,Alaska Airlines,afternoon,492,22.76219512195122,0.3861788617886179
LIH-HNL,Alaska Airlines,evening,369,17.723577235772357,0.3089430894308943
LIH-HNL,Hawaiian Airlines,morning,1820,4.97967032967033,0.09945054945054944
LIH-HNL,Hawaiian Airlines,afternoon,1607,10.209707529558184,0.20348475420037337
LIH-HNL,Hawaiian Airlines,evening,1170,6.821367521367521,0.13504273504273503
LIH-HNL,Southwest Airlines,morning,888,3.6655405405405403,0.037162162162162164
LIH-HNL,Southwest Airlines,afternoon,520,3.669230769230769,0.05384615384615385
LIH-HNL,Southwest Airlines,evening,360,3.5416666666666665,0.05
MCO-ATL,Delta Air Lines,morning,2418,10.855665839536806,0.12241521918941274
MCO-ATL,Delta Air Lines,afternoon,1797,26.605366126327556,0.28619340413638905
MCO-ATL,Delta Air Lines,evening,1111,37.59747292418773,0.40794223826714804
MCO-ATL,Frontier Airlines,morning,388,12.204134366925064,0.21705426356589147
MCO-ATL,Frontier Airlines,afternoon,276,33.93840579710145,0.34782608695652173
MCO-ATL,Frontier Airlines,evening,419,42.04057279236277,0.45346062052505964
MCO-ATL,Southwest Airlines,morning,366,6.983606557377049,0.1092896174863388
MCO-ATL,Southwest Airlines,afternoon,354,18.06534090909091,0.2897727272727273
MCO-ATL,Southwest Airlines,evening,369,29.682926829268293,0.4173441734417344
MCO-ATL,Spirit Airlines,evening,325,29.546296296296298,0.404320987654321
OGG-HNL,Alaska Airlines,morning,868,10.336805555555555,0.17939814814814814
OGG-HNL,Alaska Airlines,afternoon,519,21.815028901734102,0.4296724470134875
OGG-HNL,Alaska Airlines,evening,396,19.02020202020202,0.3409090909090909
OGG-HNL,Hawaiian Airlines,morning,2615,4.493690248565966,0.08221797323135756
OGG-HNL,Hawaiian Airlines,afternoon,1683,9.194295900178252,0.18538324420677363
OGG-HNL,Hawaiian Airlines,evening,1337,8.510097232610322,0.17576664173522813
OGG-HNL,Southwest Airlines,morning,1361,2.7729610580455546,0.0426157237325496
OGG-HNL,Southwest Airlines,afternoon,767,4.422425032594524,0.08213820078226858
OGG-HNL,Southwest Airlines,evening,733,3.7926330150068215,0.06412005457025921
ORD-LGA,American Airlines,morning,1262,19.56653386454183,0.24223107569721117
ORD-LGA,American Airlines,afternoon,709,40.69614835948645,0.4607703281027104
ORD-LGA,American Airlines,evening,830,38.23300970873787,0.4223300970873786
ORD-LGA,Delta Air Lines,morning,1010,17.862549800796813,0.19820717131474103
ORD-LGA,Delta Air Lines,afternoon,447,43.01590909090909,0.3840909090909091
ORD-LGA,Delta Air Lines,evening,675,50.241379310344826,0.43928035982008995
ORD-LGA,Republic Airways,morning,595,16.499156829679595,0.24283305227655985
ORD-LGA,Republic Airways,afternoon,386,23.8419689119171,0.31865284974093266
ORD-LGA,Republic Airways,evening,247,23.215447154471544,0.2967479674796748
ORD-LGA,Spirit Airlines,morning,209,11.757281553398059,0.1553398058252427
ORD-LGA,United Airlines,morning,1845,11.452717391304347,0.16304347826086957
ORD-LGA,United Airlines,afternoon,1465,34.077716643741404,0.3700137551581843
ORD-LGA,United Airlines,evening,1195,39.99916177703269,0.4585079631181894
PHX-DEN,American Airlines,morning,373,12.58176943699732,0.20107238605898123
PHX-DEN,American Airlines,afternoon,304,22.488448844884488,0.28052805280528054
PHX-DEN,American Airlines,evening,296,20.81756756756757,0.33783783783783783
PHX-DEN,Frontier Airlines,morning,656,11.487022900763359,0.1633587786259542
PHX-DEN,Frontier Airlines,afternoon,311,23.3,0.25806451612903225
PHX-DEN,Frontier Airlines,evening,418,26.33732057416268,0.29904306220095694
PHX-DEN,Southwest Airlines,morning,1775,9.258046301524562,0.15697346132128742
PHX-DEN,Southwest Airlines,afternoon,1238,29.57479674796748,0.4195121951219512
PHX-DEN,Southwest Airlines,evening,894,22.91479820627803,0.37331838565022424
PHX-DEN,United Airlines,morning,937,9.4796573875803,0.11670235546038545
PHX-DEN,United Airlines,afternoon,1018,20.49802761341223,0.2593688362919132
PHX-DEN,United Airlines,evening,425,17.58254716981132,0.23113207547169812
PHX-LAX,American Airlines,morning,1023,7.332681017612525,0.12035225048923678
PHX-LAX,American Airlines,afternoon,367,15.743169398907105,0.20491803278688525
PHX-LAX,American Airlines,evening,612,18.27124183006536,0.29411764705882354
PHX-LAX,Frontier Airlines,morning,203,6.45320197044335,0.07881773399014778
PHX-LAX,SkyWest Airlines,morning,1185,5.382601351351352,0.07939189189189189
PHX-LAX,SkyWest Airlines,afternoon,745,8.519463087248322,0.11275167785234899
PHX-LAX,SkyWest Airlines,evening,566,9.0,0.10247349823321555
PHX-LAX,Southwest Airlines,morning,741,5.241565452091768,0.09446693657219973
PHX-LAX,Southwest Airlines,afternoon,559,15.289803220035779,0.27191413237924866
PHX-LAX,Southwest Airlines,evening,748,19.58957219251337,0.3783422459893048
SFO-LAX,American Airlines,morning,325,15.587692307692308,0.12615384615384614
SFO-LAX,Delta Air Lines,morning,1035,10.516908212560386,0.13526570048309178
SFO-LAX,Delta Air Lines,afternoon,708,20.19094766619519,0.3055162659123055
SFO-LAX,Delta Air Lines,evening,603,11.805970149253731,0.19237147595356552
SFO-LAX,SkyWest Airlines,morning,1444,8.742896742896743,0.14760914760914762
SFO-LAX,SkyWest Airlines,afternoon,682,13.058651026392962,0.218475073313783
SFO-LAX,SkyWest Airlines,evening,568,15.830985915492958,0.2640845070422535
SFO-LAX,Southwest Airlines,morning,457,7.021881838074398,0.12691466083150985
SFO-LAX,Southwest Airlines,afternoon,413,21.753026634382568,0.36561743341404357
SFO-LAX,Southwest Airlines,evening,465,30.236559139784948,0.45806451612903226
SFO-LAX,United Airlines,morning,1330,7.201503759398496,0.13458646616541353
SFO-LAX,United Airlines,afternoon,750,12.068,0.20533333333333334
SFO-LAX,United Airlines,evening,1164,12.54639175257732,0.23367697594501718
SLC-DEN,Delta Air Lines,morning,709,9.995756718528996,0.18104667609618105
SLC-DEN,Delta Air Lines,afternoon,356,12.675141242937853,0.20903954802259886
SLC-DEN,Delta Air Lines,evening,618,27.118314424635333,0.3549432739059968
SLC-DEN,Frontier Airlines,morning,448,17.369127516778523,0.23042505592841164
SLC-DEN,Frontier Airlines,afternoon,218,27.755760368663594,0.3271889400921659
SLC-DEN,Frontier Airlines,evening,314,22.12420382165605,0.2484076433121019
SLC-DEN,SkyWest Airlines,morning,718,15.429567642956764,0.14644351464435146
SLC-DEN,SkyWest Airlines,afternoon,474,13.063424947145878,0.17970401691331925
SLC-DEN,Southwest Airlines,morning,1089,8.072677092916283,0.15823367065317387
SLC-DEN,Southwest Airlines,afternoon,802,24.43789209535759,0.3739021329987453
SLC-DEN,Southwest Airlines,evening,474,27.867088607594937,0.4177215189873418
SLC-DEN,United Airlines,morning,655,9.844036697247706,0.20030581039755352
SLC-DEN,United Airlines,afternoon,388,24.424479166666668,0.3151041666666667
SLC-DEN,United Airlines,evening,278,28.96727272727273,0.3381818181818182
